image_link,state_code,reason_phase,file_path
https://i.imgur.com/BdmZ7Ps.jpg,200,OK,./data\BdmZ7Ps.jpg
https://i.imgur.com/bBiw4IS.jpg,200,OK,./data\bBiw4IS.jpg
https://i.imgur.com/KDmRgeg.jpg,200,OK,./data\KDmRgeg.jpg
https://i.imgur.com/hRHpy8X.jpg,200,OK,./data\hRHpy8X.jpg
https://i.imgur.com/P5rI8UM.jpg,200,OK,./data\P5rI8UM.jpg
https://i.imgur.com/Uq0oG4E.jpg,200,OK,./data\Uq0oG4E.jpg
https://i.imgur.com/pPXBHuZ.jpg,200,OK,./data\pPXBHuZ.jpg
https://i.imgur.com/dFiDDhh.jpg,200,OK,./data\dFiDDhh.jpg
https://i.imgur.com/4N51HkQ.jpg,200,OK,./data\4N51HkQ.jpg
https://i.imgur.com/XPOailb.jpg,200,OK,./data\XPOailb.jpg
